brand_id,brand_name
65b72e108291fedb80cbd999,AA TEst
630c79bfa09d276df7478c18,Alchemist Fragrance
678f22b3bf9a94d16f30d103,Alt perfumery
686f7faa358423a01d1b1f32,ATSIRI
689c00257493d86323be7038,Barbie
6a4cb2ea215496274f7b9d51,Barsten
6492bb87ec4713a4402897b4,Beauty Secrets
677f9e29bd1dd357b29899bc,BESTIE PINK RUN
6a2942986a9dc81f99a07ab8,BLACKSTAG
5d3ac307a6992471b7c97a2d,BLP Beauty
684fc0d7d4bf7febcf441ede,BODIBREZE
62bbfd4abd4201d78fc0e8f5,Bonavie
5f5640bc311107db64724988,Careso
67778a892a80de5b41843ff8,CONSTANT
687f0e912e6e4dd7b8ae25dd,Crusita
696f319a12cb95e5b7ae13b3,De Antoine
69292226555238423bb4eecf,Earth Love Life
63f33afa031c4c49121df81c,Elmer
65b76e306a21aad7d8a51fd1,EONA
6259228f6bfc2e5818b86f27,Esscentials Indonesia
6311def8368f94cfd772b44d,Fordive
62c7f51270c7e2af7c6ad720,HMNS
68cb7c30436c5829a063d777,IGNIO
667d3cc467565050b7424bc9,In The Mood For
66a9acee27c22fdce5c62563,ISLAN
65b325069eda6e77244b9aa3,ISWHITE
5d3ac307a6992471b7c97bab,Jacquelle Beaute
5d3ac2ffa6992471b7c971d6,Jarte Beauty
657ad93e28f41e975c8a966c,Kahf
639fccbc887ae13b38ea4221,Kitschy
62cadbc86429fa4da043c7b7,Lavojoy
658a8e243cca26bc8b2f676b,Layr
6512b419e2ce9e1e8739b219,Lilith and Eve
5d3ac306a6992471b7c97824,Luxcrime
654070018fac4010da648abf,Mercredi
690b205bb7ffaa4cb6a4e8a8,MMRS
610a4baac3617d6f38595620,Mother of Pearl
66fba216e8005543698af0d8,Mykonos
6979dfc48d450be00450df29,Nevernot Official
655dc43d5d8272b99f510b3b,Onix
64bf8ffd47133c15bf961d74,Project 1945
66ed2767c46f3a83999c0374,Rahasia Fragrance
6453667949508849cfde4a96,Raine Beauty
5d3ac307a6992471b7c97b2f,Rollover Reaction
60d4e2c6443396b9504d4beb,SAFF & Co
69200f1ca1ea6f13126c7ba9,SAKA Perfumery
64250c29b46a7a1d02cebc8e,SATELLITE OF GLOW
5db51d092023815654e4cc93,Scarlett Whitening
67bbeaee630f7e48677f515a,SLAVINA
6510fae507d9f80342bc6d05,Speaks To Me
6a38a4f9981964fc62a818a4,Velixir Parfums
62fb16f36d42e66ec212086f,Verites
5d3ac307a6992471b7c97b76,Wardah
662b56b473a9ec785fc0b744,YN Perfumery
