product_id,note_id,note_type
117020,1,top
117020,2,top
117020,3,top
117020,4,middle
117020,5,middle
117020,6,middle
117020,7,base
117020,8,base
117020,9,base
98385,10,top
98385,11,middle
98385,12,base
98385,8,base
98385,9,base
107813,13,top
107813,14,middle
107813,15,base
107813,8,base
107813,9,base
101486,16,top
101486,17,top
101486,3,top
101486,18,middle
101486,19,middle
101486,20,middle
114830,21,top
114830,22,top
114830,23,top
114830,24,middle
114830,25,middle
114830,26,middle
114830,27,middle
101487,10,top
101487,17,top
101487,28,top
101487,18,middle
101487,29,middle
101487,30,middle
120858,31,top
120858,32,middle
120858,33,middle
120858,34,middle
124454,21,top
124454,35,top
124454,36,top
124454,37,top
124454,38,middle
124454,39,middle
124454,40,middle
113443,41,top
113443,42,top
113443,17,top
113443,43,middle
113443,44,middle
113443,45,middle
101485,46,top
101485,10,top
101485,21,top
101485,18,middle
101485,19,middle
101485,47,middle
113439,42,top
113439,48,top
113439,49,middle
113439,18,middle
113439,29,middle
109500,10,top
109500,28,top
109500,50,top
109500,30,middle
109500,29,middle
109500,18,middle
102198,35,top
102198,51,top
102198,17,top
102198,52,middle
102198,53,middle
88144,3,top
88144,16,top
88144,17,top
88144,54,middle
88144,18,middle
88144,55,middle
88144,56,middle
109499,17,top
109499,3,top
109499,57,top
109499,18,middle
109499,58,middle
109499,14,middle
113441,59,top
113441,21,top
113441,60,top
113441,19,middle
113441,61,middle
113441,18,middle
113441,62,middle
114805,63,top
114805,64,top
114805,65,top
114805,66,middle
114805,67,middle
114805,68,middle
105934,69,top
105934,70,top
105934,71,top
105934,34,middle
105934,72,middle
105934,18,middle
105934,73,middle
105934,74,base
105934,75,base
105934,76,base
105934,77,base
110620,78,top
110620,10,top
110620,79,top
110620,80,middle
110620,38,middle
110620,19,middle
125040,36,top
125040,81,top
125040,82,middle
125040,32,middle
125040,19,middle
86994,83,top
86994,84,top
86994,85,top
86994,19,middle
86994,86,middle
86994,53,middle
86994,87,base
86994,88,base
86994,8,base
86994,9,base
114821,89,top
114821,86,middle
114821,19,middle
114821,38,middle
114821,90,middle
112612,91,top
112612,89,top
112612,21,top
112612,92,middle
112612,93,middle
112612,94,middle
107236,59,top
107236,10,top
107236,95,top
107236,86,middle
107236,96,middle
107236,18,middle
107236,97,middle
123593,98,top
123593,21,top
123593,59,top
123593,99,middle
123593,100,middle
123593,101,middle
86996,102,top
86996,103,top
86996,19,middle
86996,104,middle
86996,68,middle
112608,105,top
112608,10,top
112608,79,top
112608,19,middle
112608,38,middle
112608,94,middle
98058,106,top
98058,95,top
98058,107,top
98058,108,middle
98058,34,middle
98058,109,middle
98058,18,middle
107269,17,top
107269,98,top
107269,110,top
107269,34,middle
107269,73,middle
107269,18,middle
98055,111,top
98055,112,top
98055,3,top
98055,38,middle
98055,73,middle
98055,86,middle
115429,60,top
115429,21,top
115429,113,top
115429,18,middle
115429,53,middle
115429,19,middle
109498,46,top
109498,21,top
109498,10,top
109498,18,middle
109498,19,middle
109498,114,middle
112611,17,top
112611,115,top
112611,18,middle
112610,112,top
112610,69,top
112610,115,top
112610,116,middle
112610,34,middle
112610,18,middle
112217,117,top
112217,53,middle
120522,118,top
120522,119,top
120522,120,top
120522,121,middle
120522,97,middle
120522,122,middle
119284,123,top
119284,124,top
119284,125,top
119284,126,middle
119284,32,middle
119284,127,middle
122833,128,top
122833,129,middle
102804,21,top
102804,10,top
102804,130,top
102804,131,middle
102804,20,middle
102804,108,middle
86997,21,top
86997,89,top
86997,132,top
86997,114,middle
86997,133,middle
86997,134,middle
86997,135,middle
88145,21,top
88145,10,top
88145,136,top
88145,47,middle
88145,53,middle
88145,18,middle
120521,46,top
120521,59,top
120521,137,top
120521,29,middle
120521,18,middle
120521,19,middle
110747,138,top
110747,139,top
110747,126,middle
110747,140,middle
110747,141,middle
107814,142,top
107814,143,top
107814,144,middle
107814,145,middle
122907,146,top
122907,147,middle
122907,148,middle
122907,149,base
122907,8,base
122907,9,base
107233,21,top
107233,112,top
107233,42,top
107233,150,top
107233,151,middle
107233,152,middle
107233,153,middle
114575,21,top
114575,46,top
114575,139,top
114575,154,top
114575,34,middle
114575,18,middle
114575,155,middle
114575,156,middle
114575,114,middle
122643,115,top
122643,157,top
122643,59,top
122643,137,top
122643,104,middle
122643,158,middle
122643,159,middle
117021,160,top
117021,161,top
117021,162,top
117021,163,middle
117021,164,middle
117021,165,middle
107232,59,top
107232,21,top
107232,102,top
107232,86,middle
107232,68,middle
107232,38,middle
107232,20,middle
110748,166,top
110748,167,top
110748,168,middle
110748,169,middle
114874,170,top
114874,171,top
114874,172,top
114874,173,top
114874,68,middle
114874,93,middle
114874,114,middle
122756,174,top
122756,175,top
122756,57,top
122756,155,middle
122756,18,middle
122756,73,middle
122645,176,top
122645,59,top
122645,22,top
122645,177,middle
122645,178,middle
122645,179,middle
122644,10,top
122644,98,top
122644,180,middle
122644,181,middle
108418,182,top
108418,183,top
108418,184,top
108418,34,middle
108418,18,middle
86995,89,top
86995,17,top
86995,19,middle
86995,72,middle
86995,20,middle
121488,185,top
121488,186,top
121488,19,middle
121488,68,middle
107234,175,top
107234,173,top
107234,187,top
107234,188,middle
107234,189,middle
107234,190,middle
122877,146,top
122877,191,middle
114815,192,top
114815,193,top
114815,62,middle
114815,194,middle
119320,195,top
119320,59,top
119320,196,top
119320,19,middle
120523,21,top
120523,197,top
120523,198,top
120523,18,middle
120523,34,middle
120523,199,middle
113442,21,top
113442,115,top
113442,112,top
113442,68,middle
113442,135,middle
113442,200,middle
117783,201,top
117783,91,top
117783,59,top
117783,54,middle
117783,202,middle
117783,203,middle
117783,204,middle
117783,148,middle
107235,102,top
107235,205,top
107235,206,top
107235,160,top
107235,207,middle
107235,19,middle
107235,208,middle
107235,209,middle
106038,210,top
106038,211,top
106038,34,middle
106038,212,middle
120524,213,top
120524,35,top
120524,214,middle
120524,14,middle
120524,19,middle
121707,215,top
121707,3,top
121707,10,top
98258,3,top
98258,216,top
98258,217,top
98258,102,top
98258,203,middle
98258,218,middle
98258,66,middle
108411,115,top
108411,98,top
108411,219,top
108411,19,middle
108411,18,middle
108411,220,middle
114573,21,top
114573,17,top
114573,118,top
114573,86,middle
114573,19,middle
108425,21,top
108425,31,top
108425,221,top
108425,72,middle
108425,222,middle
108425,73,middle
108425,223,middle
123701,224,top
123701,41,top
123701,19,middle
123701,18,middle
123701,225,middle
108416,17,top
108416,226,top
108416,21,top
108416,3,top
108416,18,middle
108416,131,middle
108416,227,middle
108416,228,middle
108416,73,middle
114822,21,top
114822,161,top
114822,115,top
114822,53,middle
114822,223,middle
114822,114,middle
114873,229,top
114873,230,middle
120518,231,top
120518,153,middle
120518,232,middle
120518,203,middle
113440,233,top
113440,234,middle
113440,235,middle
113440,108,middle
105573,236,top
105573,102,top
105573,237,top
105573,53,middle
105573,68,middle
105573,101,middle
124377,219,top
124377,238,top
124377,118,top
124377,239,middle
124377,240,middle
124377,100,middle
124377,241,middle
114863,112,top
114863,242,top
114863,243,top
114863,244,middle
114863,245,middle
114863,225,middle
114863,246,middle
114863,247,middle
108427,132,top
108427,19,middle
108427,248,middle
124376,69,top
124376,249,top
124376,250,middle
124376,53,middle
124376,227,middle
125297,35,top
125297,213,top
125297,69,top
125297,67,middle
125297,251,middle
125297,80,middle
114572,17,top
114572,10,top
114572,252,top
114572,227,middle
114572,29,middle
114572,155,middle
109671,23,top
109671,112,top
109671,253,top
109671,254,top
109671,217,top
109671,93,middle
109671,114,middle
109671,131,middle
109671,97,middle
109671,255,middle
117777,132,top
117777,21,top
117777,256,top
117777,73,middle
117777,18,middle
117777,203,middle
117777,257,middle
122160,21,top
122160,258,top
122160,259,middle
122160,18,middle
122160,159,middle
125301,21,top
125301,46,top
125301,139,top
125301,154,top
125301,34,middle
125301,18,middle
125301,156,middle
125301,114,middle
125299,260,top
125299,21,top
125299,18,middle
125299,179,middle
125300,261,top
125300,21,top
125300,90,middle
125300,18,middle
122159,36,top
122159,262,top
122159,263,top
122159,97,middle
122159,18,middle
122159,264,middle
125298,265,top
125298,89,top
125298,20,middle
125298,19,middle
125298,18,middle
122161,266,top
122161,267,middle
122161,34,middle
120987,21,top
120987,268,top
120987,59,top
120987,133,middle
120987,269,middle
120987,30,middle
98257,102,top
98257,270,top
98257,271,top
98257,53,middle
98257,272,middle
98257,18,middle
109664,22,top
109664,21,top
109664,110,top
109664,10,top
109664,103,top
109664,273,top
109664,19,middle
109664,225,middle
109664,38,middle
109664,53,middle
109664,18,middle
109664,274,middle
117781,275,top
117781,270,top
117781,276,top
117781,173,top
117781,277,middle
117781,278,middle
117781,18,middle
117781,19,middle
108408,107,top
108408,106,top
108408,270,top
108408,108,middle
108408,34,middle
108408,223,middle
121287,59,top
121287,10,top
121287,21,top
121287,279,middle
121287,129,middle
121287,131,middle
108426,36,top
108426,21,top
108426,19,middle
108426,227,middle
114793,215,top
114793,280,top
114793,242,top
114793,281,top
114793,63,top
114793,282,top
114793,230,middle
120989,36,top
120989,35,top
120989,102,top
120989,18,middle
120989,283,middle
120989,284,middle
120986,146,top
120986,23,top
120986,21,top
120986,285,middle
120986,61,middle
120986,286,middle
120986,53,middle
109667,211,top
109667,22,top
109667,21,top
109667,117,top
109667,23,top
109667,287,top
109667,288,top
109667,133,middle
109667,227,middle
109667,93,middle
109667,68,middle
109667,20,middle
109667,289,middle
109667,274,middle
109667,290,middle
109667,158,middle
117776,224,top
117776,291,top
117776,292,middle
117776,293,middle
120971,59,top
120971,42,top
120971,294,top
120971,53,middle
120971,248,middle
120971,18,middle
108424,70,top
108424,295,top
108424,275,top
108424,95,top
108424,296,top
108424,248,middle
108424,86,middle
108424,19,middle
108424,53,middle
121288,21,top
121288,102,top
121288,297,top
121288,298,middle
121288,129,middle
121288,250,middle
114816,242,top
114816,299,top
114816,300,top
114816,108,middle
114816,200,middle
114816,101,middle
112154,185,top
112154,21,top
112154,18,middle
112154,301,middle
126373,211,top
126373,302,middle
113429,78,top
113429,34,middle
113429,303,middle
116699,21,top
116699,46,top
116699,139,top
116699,154,top
116699,34,middle
116699,18,middle
116699,155,middle
116699,156,middle
116699,114,middle
117373,21,top
117373,268,top
117373,269,middle
117373,73,middle
113428,31,top
113428,304,top
113428,305,top
113428,72,middle
113428,306,middle
113428,307,middle
116697,132,top
116697,21,top
116697,180,middle
116704,21,top
116704,17,top
116704,118,top
116704,86,middle
116704,19,middle
123472,17,top
123472,308,top
123472,95,top
123472,21,top
123472,309,middle
123472,227,middle
123472,53,middle
123472,80,middle
116698,117,top
116698,302,middle
116698,20,middle
117371,310,top
117371,62,middle
125430,311,top
125430,21,top
125430,95,top
125430,235,middle
125430,312,middle
125430,53,middle
125430,26,middle
125430,313,middle
112150,21,top
112150,98,top
112150,59,top
112150,175,top
112150,102,top
112150,18,middle
112150,29,middle
112150,180,middle
112150,179,middle
112150,314,middle
117374,315,top
117374,118,top
117374,304,top
117374,316,middle
117374,317,middle
117374,318,middle
111795,115,top
111795,42,top
111795,275,top
111795,86,middle
111795,18,middle
111795,19,middle
123429,319,top
123429,242,top
123429,320,middle
111797,243,top
111797,321,top
111797,21,top
111797,18,middle
111797,73,middle
111797,322,middle
125428,323,top
125428,324,top
125428,325,top
125428,326,middle
125428,327,middle
125428,328,middle
112243,329,top
112243,20,middle
114131,330,top
114131,115,top
114131,3,top
114131,97,middle
114131,331,middle
114131,289,middle
114131,316,middle
123428,69,top
123428,293,middle
123428,18,middle
112153,332,top
112153,21,top
112153,201,top
112153,154,top
112153,104,middle
112153,90,middle
112153,333,middle
112153,209,middle
113427,102,top
113427,334,top
113427,3,top
113427,335,top
113427,131,middle
113427,336,middle
112242,89,top
112242,205,top
112242,21,top
112242,19,middle
112242,337,middle
112242,20,middle
112244,17,top
112244,36,top
112244,102,top
112244,133,middle
112244,338,middle
112244,241,middle
111792,69,top
111792,103,top
111792,95,top
111792,302,middle
111792,19,middle
111792,133,middle
111792,68,middle
111793,242,top
111793,34,middle
112152,339,top
112152,268,top
112152,71,top
112152,340,middle
112152,72,middle
114835,341,top
114835,342,top
114835,112,top
114835,59,top
114835,343,middle
114835,66,middle
114835,344,middle
114835,345,middle
124960,346,top
124960,347,top
124960,348,top
124960,18,middle
124960,53,middle
124960,349,middle
106059,350,top
106059,96,middle
112245,91,top
112245,98,top
112245,95,top
112245,180,middle
112245,73,middle
112245,18,middle
117376,296,top
117376,351,top
117376,352,top
117376,159,middle
117376,18,middle
117376,353,middle
108409,275,top
108409,252,top
108409,10,top
108409,19,middle
108409,18,middle
123425,10,top
123425,21,top
123425,354,top
123425,58,middle
123425,19,middle
123425,355,middle
114831,356,top
114831,98,top
114831,254,top
114831,302,middle
114831,357,middle
114831,358,middle
114831,101,middle
123468,95,top
123468,201,top
123468,359,top
123468,360,top
123468,19,middle
123468,18,middle
123468,72,middle
123468,361,middle
123468,179,middle
123468,289,middle
114843,36,top
114843,256,top
114843,362,top
114843,19,middle
114843,53,middle
114843,363,middle
114843,364,middle
114797,365,top
114797,89,top
114797,17,top
114797,252,top
114797,366,middle
114797,18,middle
114797,220,middle
111794,21,top
111794,98,top
111794,367,top
111794,66,middle
111794,56,middle
111794,368,middle
106058,321,top
106058,145,middle
106268,10,top
106268,95,top
106268,16,top
106268,286,middle
106268,34,middle
106268,18,middle
124844,275,top
124844,95,top
124844,36,top
124844,268,top
124844,203,middle
124844,73,middle
124844,19,middle
125974,369,top
125974,370,top
125974,371,top
125974,372,middle
125974,373,middle
125306,242,top
125306,374,top
125306,362,top
125306,114,middle
125306,361,middle
125302,375,top
125302,376,top
125302,206,top
125302,158,middle
125302,377,middle
125302,358,middle
114811,57,top
114811,107,top
114811,135,middle
114811,378,middle
114811,62,middle
125307,186,top
125307,379,top
125307,380,top
125307,34,middle
125307,381,middle
125307,382,middle
114823,383,top
114823,69,top
114823,362,top
114823,374,top
114823,19,middle
114823,34,middle
114823,165,middle
114823,384,middle
117377,36,top
117377,35,top
117377,102,top
117377,18,middle
117377,283,middle
117377,284,middle
124829,21,top
124829,37,top
124829,19,middle
124829,53,middle
124829,385,middle
124829,101,middle
124829,386,middle
124829,387,middle
124829,388,middle
124829,389,middle
124829,390,middle
124829,391,middle
124829,392,middle
124829,393,middle
124829,394,middle
124829,395,middle
125305,91,top
125305,173,top
125305,72,middle
125304,213,top
125304,107,top
125304,396,top
125304,18,middle
125304,34,middle
125304,19,middle
124826,397,top
124826,97,middle
124826,19,middle
124826,398,middle
124826,399,middle
124826,66,middle
124826,400,middle
124826,401,middle
124826,402,middle
124826,389,middle
124826,403,middle
125407,17,top
125407,115,top
125407,18,middle
125407,76,base
125407,404,base
125407,176,top
125407,59,top
125407,22,top
125407,177,middle
125407,178,middle
125407,179,middle
125407,77,base
125407,405,base
125407,76,base
125406,185,top
125406,186,top
125406,19,middle
125406,68,middle
125406,76,base
125406,406,base
125406,176,top
125406,59,top
125406,22,top
125406,177,middle
125406,178,middle
125406,179,middle
125406,77,base
125406,405,base
125406,76,base
126277,42,top
126277,59,top
126277,407,top
126277,115,top
126277,67,middle
126277,408,middle
126277,409,middle
126277,73,middle
126277,410,base
126277,411,base
126277,74,base
126277,76,base
126277,412,base
126277,413,base
126277,174,top
126277,414,top
126277,155,middle
126277,18,middle
126277,73,middle
126277,415,base
126277,87,base
126277,416,base
126277,74,base
126283,42,top
126283,59,top
126283,407,top
126283,115,top
126283,67,middle
126283,408,middle
126283,409,middle
126283,73,middle
126283,410,base
126283,411,base
126283,74,base
126283,76,base
126283,412,base
126283,417,base
126283,105,top
126283,10,top
126283,79,top
126283,19,middle
126283,38,middle
126283,94,middle
126283,418,base
126283,419,base
125404,105,top
125404,10,top
125404,79,top
125404,19,middle
125404,38,middle
125404,94,middle
125404,418,base
125404,420,base
125404,176,top
125404,59,top
125404,22,top
125404,177,middle
125404,178,middle
125404,179,middle
125404,77,base
125404,405,base
125404,76,base
126284,42,top
126284,59,top
126284,407,top
126284,115,top
126284,67,middle
126284,408,middle
126284,409,middle
126284,73,middle
126284,410,base
126284,411,base
126284,74,base
126284,76,base
126284,412,base
126284,421,base
126284,185,top
126284,186,top
126284,19,middle
126284,68,middle
126284,76,base
126284,422,base
125401,17,top
125401,115,top
125401,18,middle
125401,76,base
125401,423,base
125401,10,top
125401,98,top
125401,180,middle
125401,181,middle
125401,416,base
125401,424,base
125401,425,base
125411,174,top
125411,414,top
125411,155,middle
125411,18,middle
125411,73,middle
125411,415,base
125411,87,base
125411,416,base
125411,426,base
125411,115,top
125411,157,top
125411,59,top
125411,137,top
125411,104,middle
125411,158,middle
125411,159,middle
125411,87,base
125411,427,base
125411,416,base
125411,428,base
125620,173,top
125620,429,top
125620,21,top
125620,95,top
125620,235,middle
125620,312,middle
125620,430,middle
125620,26,middle
125620,313,middle
125620,431,base
125620,432,base
125620,433,base
125620,323,top
125620,324,top
125620,325,top
125620,326,middle
125620,327,middle
125620,328,middle
125620,434,base
125620,87,base
125620,435,base
125620,436,base
126280,42,top
126280,59,top
126280,407,top
126280,115,top
126280,67,middle
126280,408,middle
126280,409,middle
126280,73,middle
126280,410,base
126280,411,base
126280,74,base
126280,76,base
126280,412,base
126280,437,base
126280,112,top
126280,69,top
126280,115,top
126280,116,middle
126280,34,middle
126280,18,middle
126280,438,base
126280,439,base
126280,74,base
125409,91,top
125409,89,top
125409,21,top
125409,92,middle
125409,93,middle
125409,94,middle
125409,440,base
125409,441,base
125409,442,base
125409,115,top
125409,157,top
125409,59,top
125409,137,top
125409,104,middle
125409,158,middle
125409,159,middle
125409,87,base
125409,427,base
125409,416,base
125409,428,base
125413,17,top
125413,115,top
125413,18,middle
125413,76,base
125413,443,base
125413,115,top
125413,157,top
125413,59,top
125413,137,top
125413,104,middle
125413,158,middle
125413,159,middle
125413,87,base
125413,427,base
125413,416,base
125413,428,base
126288,42,top
126288,59,top
126288,407,top
126288,115,top
126288,67,middle
126288,408,middle
126288,409,middle
126288,73,middle
126288,410,base
126288,411,base
126288,74,base
126288,76,base
126288,412,base
126288,444,base
126288,91,top
126288,89,top
126288,21,top
126288,92,middle
126288,93,middle
126288,94,middle
126288,440,base
126288,441,base
126288,445,base
122891,105,top
122891,10,top
122891,79,top
122891,19,middle
122891,38,middle
122891,94,middle
122891,418,base
122891,446,base
122891,447,top
122891,18,middle
122891,448,base
125398,105,top
125398,10,top
125398,79,top
125398,19,middle
125398,38,middle
125398,94,middle
125398,418,base
125398,449,base
125398,10,top
125398,98,top
125398,180,middle
125398,181,middle
125398,416,base
125398,424,base
125398,425,base
122888,112,top
122888,69,top
122888,115,top
122888,116,middle
122888,34,middle
122888,18,middle
122888,438,base
122888,439,base
122888,450,base
122888,91,top
122888,89,top
122888,21,top
122888,92,middle
122888,93,middle
122888,94,middle
122888,440,base
122888,441,base
122888,445,base
125403,91,top
125403,89,top
125403,21,top
125403,92,middle
125403,93,middle
125403,94,middle
125403,440,base
125403,441,base
125403,451,base
125403,176,top
125403,59,top
125403,22,top
125403,177,middle
125403,178,middle
125403,179,middle
125403,77,base
125403,405,base
125403,76,base
125408,112,top
125408,69,top
125408,115,top
125408,116,middle
125408,34,middle
125408,18,middle
125408,438,base
125408,439,base
125408,426,base
125408,115,top
125408,157,top
125408,59,top
125408,137,top
125408,104,middle
125408,158,middle
125408,159,middle
125408,87,base
125408,427,base
125408,416,base
125408,428,base
125410,105,top
125410,10,top
125410,79,top
125410,19,middle
125410,38,middle
125410,94,middle
125410,418,base
125410,452,base
125410,115,top
125410,157,top
125410,59,top
125410,137,top
125410,104,middle
125410,158,middle
125410,159,middle
125410,87,base
125410,427,base
125410,416,base
125410,428,base
125402,112,top
125402,69,top
125402,115,top
125402,116,middle
125402,34,middle
125402,18,middle
125402,438,base
125402,439,base
125402,453,base
125402,176,top
125402,59,top
125402,22,top
125402,177,middle
125402,178,middle
125402,179,middle
125402,77,base
125402,405,base
125402,76,base
123473,454,top
123473,136,top
123473,91,top
123473,204,middle
123473,455,middle
123473,456,middle
108423,360,top
108423,110,top
108423,457,middle
106054,458,top
106054,20,middle
124830,10,top
124830,35,top
124830,17,top
124830,18,middle
124830,251,middle
124830,459,middle
124830,145,middle
124830,460,middle
124830,461,middle
124830,402,middle
124830,462,middle
124830,392,middle
124830,463,middle
124830,464,middle
124830,465,middle
124830,466,middle
124830,467,middle
124830,468,middle
124830,469,middle
124827,17,top
124827,60,top
124827,69,top
124827,10,top
124827,470,middle
124827,471,middle
124827,145,middle
124827,472,middle
124827,473,middle
124827,474,middle
124827,475,middle
124827,476,middle
124827,477,middle
124827,478,middle
124827,479,middle
124827,480,middle
111816,69,top
111816,115,top
111816,481,top
111816,33,middle
111816,34,middle
111816,20,middle
111816,18,middle
111816,114,middle
117775,365,top
117775,482,top
117775,483,middle
117775,484,middle
106057,485,top
106057,486,top
106057,179,middle
106057,241,middle
124832,487,top
124832,488,top
124832,489,top
124832,53,middle
124832,73,middle
124832,490,middle
124832,491,middle
124832,492,middle
124832,493,middle
124832,494,middle
124832,495,middle
124832,496,middle
124832,497,middle
124832,498,middle
117433,59,top
117433,42,top
117433,112,top
117433,95,top
117433,17,top
117433,18,middle
117433,499,middle
117433,101,middle
117433,500,middle
117433,501,middle
117433,74,base
117433,76,base
117433,502,base
117433,503,base
117433,504,base
111817,3,top
111817,16,top
111817,18,middle
111817,54,middle
124831,206,top
124831,115,top
124831,107,top
124831,409,middle
124831,505,middle
124831,506,middle
124831,507,middle
124831,508,middle
124831,509,middle
124831,510,middle
124831,511,middle
124831,512,middle
124831,513,middle
124831,514,middle
124828,296,top
124828,515,top
124828,1,top
124828,19,middle
124828,516,middle
124828,517,middle
124828,518,middle
124828,519,middle
124828,520,middle
124828,521,middle
124828,522,middle
124828,523,middle
124828,524,middle
124828,525,middle
124828,526,middle
124828,527,middle
124825,21,top
124825,182,top
124825,102,top
124825,201,top
124825,17,top
124825,84,top
124825,365,top
124825,3,top
124825,18,middle
124825,20,middle
124825,19,middle
124825,53,middle
124825,180,middle
124825,189,middle
124825,528,middle
124825,66,middle
124825,100,middle
124825,529,middle
124825,530,middle
124825,531,middle
124825,532,middle
124825,533,middle
124825,534,middle
124825,535,middle
124825,536,middle
124825,537,middle
124825,538,middle
124825,539,middle
124825,392,middle
124825,540,middle
124825,541,middle
124825,542,middle
124825,543,middle
124825,544,middle
124825,545,middle
124825,546,middle
124825,547,middle
123470,59,top
123470,548,top
123470,549,top
123470,66,middle
123470,550,middle
123470,551,middle
117784,552,top
117784,21,top
117784,113,top
117784,3,top
117784,268,top
117784,73,middle
117784,203,middle
117784,179,middle
117784,290,middle
125303,276,top
125303,117,top
125303,68,middle
125303,302,middle
125303,20,middle
124298,553,top
124298,554,top
124298,115,top
124298,248,middle
124298,96,middle
124298,555,middle
111815,556,top
111815,21,top
111815,59,top
111815,557,top
111815,558,top
111815,93,middle
111815,114,middle
111815,19,middle
111815,409,middle
111815,289,middle
111815,225,middle
110730,321,top
110730,359,top
110730,66,middle
110730,559,middle
124297,160,top
124297,102,top
124297,560,middle
124297,66,middle
124297,203,middle
117780,173,top
117780,561,top
117780,562,middle
117779,563,top
117779,564,middle
117779,565,middle
117779,456,middle
108745,173,top
108745,95,top
108745,566,top
108745,19,middle
108745,18,middle
108745,567,middle
115514,89,top
115514,59,top
115514,363,middle
115514,340,middle
115514,568,middle
115514,180,middle
115514,179,middle
115514,27,middle
115514,441,base
115514,569,base
115514,570,base
115514,571,base
115514,572,base
115514,8,base
115514,9,base
122408,112,top
122408,69,top
122408,115,top
122408,116,middle
122408,34,middle
122408,18,middle
122408,438,base
122408,439,base
122408,573,base
122408,447,top
122408,18,middle
122408,448,base
126364,42,top
126364,59,top
126364,407,top
126364,115,top
126364,67,middle
126364,408,middle
126364,409,middle
126364,73,middle
126364,410,base
126364,411,base
126364,74,base
126364,76,base
126364,412,base
126364,443,base
126364,115,top
126364,157,top
126364,59,top
126364,137,top
126364,104,middle
126364,158,middle
126364,159,middle
126364,87,base
126364,427,base
126364,416,base
126364,428,base
122896,91,top
122896,89,top
122896,21,top
122896,92,middle
122896,93,middle
122896,94,middle
122896,440,base
122896,441,base
122896,574,base
122896,185,top
122896,186,top
122896,575,middle
122896,576,base
125396,112,top
125396,69,top
125396,115,top
125396,116,middle
125396,34,middle
125396,18,middle
125396,438,base
125396,439,base
125396,577,base
125396,10,top
125396,98,top
125396,180,middle
125396,181,middle
125396,416,base
125396,424,base
125396,425,base
126362,42,top
126362,59,top
126362,407,top
126362,115,top
126362,67,middle
126362,408,middle
126362,409,middle
126362,73,middle
126362,410,base
126362,411,base
126362,74,base
126362,76,base
126362,412,base
126362,423,base
126362,10,top
126362,98,top
126362,180,middle
126362,181,middle
126362,416,base
126362,424,base
126362,425,base
125399,174,top
125399,414,top
125399,155,middle
125399,18,middle
125399,73,middle
125399,415,base
125399,87,base
125399,416,base
125399,577,base
125399,10,top
125399,98,top
125399,180,middle
125399,181,middle
125399,416,base
125399,424,base
125399,425,base
126287,42,top
126287,59,top
126287,407,top
126287,115,top
126287,67,middle
126287,408,middle
126287,409,middle
126287,73,middle
126287,410,base
126287,411,base
126287,74,base
126287,76,base
126287,412,base
126287,578,base
126287,98,top
126287,21,top
126287,59,top
126287,99,middle
126287,100,middle
126287,101,middle
126287,579,base
126287,74,base
126287,77,base
125397,91,top
125397,89,top
125397,21,top
125397,92,middle
125397,93,middle
125397,94,middle
125397,440,base
125397,441,base
125397,580,base
125397,10,top
125397,98,top
125397,180,middle
125397,181,middle
125397,416,base
125397,424,base
125397,425,base
125400,185,top
125400,186,top
125400,19,middle
125400,68,middle
125400,76,base
125400,581,base
125400,10,top
125400,98,top
125400,180,middle
125400,181,middle
125400,416,base
125400,424,base
125400,425,base
125405,174,top
125405,414,top
125405,155,middle
125405,18,middle
125405,73,middle
125405,415,base
125405,87,base
125405,416,base
125405,453,base
125405,176,top
125405,59,top
125405,22,top
125405,177,middle
125405,178,middle
125405,179,middle
125405,77,base
125405,405,base
125405,76,base
126278,42,top
126278,59,top
126278,407,top
126278,115,top
126278,67,middle
126278,408,middle
126278,409,middle
126278,73,middle
126278,410,base
126278,411,base
126278,74,base
126278,76,base
126278,412,base
126278,582,base
126278,17,top
126278,115,top
126278,18,middle
126278,76,base
126278,77,base
125412,185,top
125412,186,top
125412,19,middle
125412,68,middle
125412,76,base
125412,583,base
125412,115,top
125412,157,top
125412,59,top
125412,137,top
125412,104,middle
125412,158,middle
125412,159,middle
125412,87,base
125412,427,base
125412,416,base
125412,428,base
124455,91,top
124455,17,top
124455,102,top
124455,584,top
124455,283,middle
124455,585,middle
124455,586,middle
114834,63,top
114834,16,top
114834,3,top
114834,56,middle
114834,18,middle
114834,587,middle
114834,54,middle
114804,63,top
114804,17,top
114804,95,top
114804,18,middle
114804,68,middle
114804,73,middle
114872,588,top
114872,136,top
114872,21,top
114872,203,middle
114872,158,middle
114872,589,middle
114872,18,middle
114872,214,middle
114792,590,top
114792,454,top
114792,3,top
114792,591,top
114792,63,top
114792,592,middle
114792,246,middle
114792,593,middle
114792,594,middle
98255,35,top
98255,554,top
98255,104,middle
98255,595,middle
98255,596,middle
114799,253,top
114799,597,top
114799,89,top
114799,38,middle
114799,18,middle
127509,102,top
127509,598,top
127509,182,top
127509,599,middle
127509,86,middle
127509,289,middle
127509,600,base
127509,601,base
127509,428,base
123424,602,top
123424,603,top
123424,69,top
123424,17,top
123424,73,middle
123424,34,middle
123424,604,middle
114795,365,top
114795,605,top
114795,321,top
114795,606,middle
114795,66,middle
114795,607,middle
125976,136,top
125976,102,top
125976,91,top
125976,608,middle
125976,609,middle
125976,610,middle
128141,42,top
128141,59,top
128141,115,top
128141,409,middle
128141,408,middle
128141,67,middle
128141,611,middle
128141,76,base
128141,412,base
128141,77,base
128141,74,base
108748,10,top
108748,612,top
108748,95,top
108748,18,middle
108748,34,middle
108748,73,middle
117778,613,top
117778,614,middle
117778,615,middle
108746,21,top
108746,16,top
108746,68,middle
108746,34,middle
108746,616,middle
108742,617,top
108742,17,top
108742,19,middle
108742,97,middle
108742,227,middle
108741,618,top
108741,201,top
108741,372,middle
108741,18,middle
108739,91,top
108739,10,top
108739,98,top
108739,21,top
108739,73,middle
108739,93,middle
108739,80,middle
108739,619,base
108739,441,base
108739,445,base
108739,620,base
98059,253,top
98059,102,top
98059,154,top
98059,100,middle
98059,241,middle
112149,621,top
112149,622,top
112149,623,top
112149,21,top
112149,73,middle
112149,18,middle
112149,596,middle
112241,624,top
112241,625,middle
112241,626,middle
112241,337,middle
112241,90,middle
108971,136,top
108971,627,top
108971,21,top
108971,628,top
108971,456,middle
108971,155,middle
108971,629,middle
118168,21,top
118168,115,top
118168,59,top
118168,19,middle
118168,29,middle
118168,108,middle
108969,35,top
108969,115,top
108969,252,top
108969,18,middle
108969,29,middle
108969,630,middle
108969,20,middle
114807,631,top
114807,21,top
114807,16,top
114807,180,middle
114807,632,middle
124456,115,top
124456,633,top
124456,481,top
124456,53,middle
124456,145,middle
124457,118,top
124457,631,top
124457,160,top
124457,163,middle
124457,18,middle
124457,38,middle
124457,214,middle
124457,235,middle
123239,21,top
123239,308,top
123239,634,top
123239,18,middle
123239,72,middle
123239,635,middle
123239,636,base
123239,75,base
123239,637,base
123239,638,base
123239,639,base
123239,10,top
123239,95,top
123239,16,top
123239,286,middle
123239,34,middle
123239,18,middle
123239,76,base
123239,640,base
123239,641,base
110732,256,top
110732,23,top
110732,642,top
110732,101,middle
110732,58,middle
110732,159,middle
110732,90,middle
123427,1,top
123427,10,top
123427,98,top
123427,296,top
123427,18,middle
123427,155,middle
123427,34,middle
123427,19,middle
118167,3,top
118167,21,top
118167,18,middle
118167,29,middle
118167,131,middle
117782,643,top
117782,102,top
117782,644,top
117782,86,middle
117782,645,middle
117782,646,middle
117782,18,middle
122874,647,top
122874,21,top
122874,648,middle
122874,19,middle
122874,227,middle
123237,310,top
123237,62,middle
123237,649,base
123237,650,base
123237,651,base
123238,296,top
123238,652,top
123238,352,top
123238,159,middle
123238,18,middle
123238,653,middle
123238,416,base
123238,77,base
123238,654,base
123238,655,base
123238,656,base
123238,657,base
123238,658,base
123238,659,base
123238,660,base
123238,661,base
123238,662,base
123238,663,base
110728,84,top
110728,35,top
110728,17,top
110728,102,top
110728,38,middle
110728,664,middle
110728,665,middle
110728,19,middle
110728,18,middle
110731,666,top
110731,667,top
110731,62,middle
110731,668,middle
110733,669,top
110733,10,top
110733,98,top
110733,670,middle
110733,99,middle
110733,18,middle
121285,21,top
121285,128,top
121285,132,top
121285,34,middle
121285,671,middle
121285,129,middle
106270,173,top
106270,219,top
106270,672,top
106270,84,top
106270,104,middle
106270,145,middle
106270,673,middle
106270,190,middle
106270,674,base
106270,675,base
106270,676,base
110729,481,top
110729,42,top
110729,115,top
110729,64,top
110729,677,middle
110729,286,middle
110729,29,middle
110729,18,middle
114814,275,top
114814,678,top
114814,102,top
114814,35,top
114814,679,top
114814,53,middle
114814,38,middle
114814,680,middle
114814,220,middle
108422,21,top
108422,681,top
108422,3,top
108422,181,middle
108422,331,middle
108422,18,middle
106269,21,top
106269,296,top
106269,131,middle
106269,430,middle
106269,682,base
105336,683,top
105336,684,top
105336,685,top
105336,686,middle
105336,687,middle
105336,688,middle
105336,689,middle
123426,112,top
123426,242,top
123426,354,top
123426,224,top
123426,95,top
123426,690,middle
123426,691,middle
105323,21,top
105323,253,top
105323,19,middle
105323,179,middle
109668,215,top
109668,103,top
109668,161,top
109668,17,top
109668,21,top
109668,692,top
109668,201,top
109668,360,top
109668,137,top
109668,114,middle
109668,38,middle
109668,693,middle
109668,73,middle
109668,53,middle
109668,694,middle
109668,695,middle
